key,who,text
intro,하나,"…들리나? 여기는 남쪽 생존자 캠프, 무전 담당 하나야."
intro,하나,"'회색 열병'이 퍼진 지 3년. 이 도시엔 이제 좀비뿐이야."
intro,서윤,"…들려요. 난 서윤. 무너진 아파트 거리에 혼자 있어요."
intro,하나,"총은 몸이 알아서 쏠 거야. 좀비를 쓰러뜨리면 부품이 모여."
hint_stat,안내,"부품으로 능력치를 올려 보자 — 여기를 눌러!"
after_stat,하나,"좋아, 훨씬 낫네! 부품이 모일 때마다 계속 올려."
after_stat,하나,"설계도가 생기면 장비를 뽑을 수 있어. 장비 탭으로 가 봐."
hint_gacha,안내,"장비 탭에서 설계도로 장비를 뽑아 보자!"
after_gacha,서윤,"쓸 만한 걸 건졌어요. 같은 장비 다섯 개면 합칠 수도 있네요."
after_gacha,하나,"할 일이 생기면 내가 무전으로 알려 줄게. 무전기를 눌러 봐."
hint_quest,안내,"무전기(퀘스트)에서 보상을 받을 수 있어!"
after_quest,하나,"구역 5마다 덩치 큰 놈이 길을 막아. 쓰러지면 한 구역 물러나서 강해져 돌아오면 돼."
after_quest,하나,"캠프는 남쪽이야. 살아서 와, 서윤."
zone6,하나,"지상 도로가 전부 막혔어. 지하철 선로로 돌아가."
zone6,서윤,"어둡고 좁아요… 소리가 울려서 더 무섭네요."
zone11,하나,"캠프에 연료랑 부품이 바닥났어. 공장 지대에서 쓸 만한 걸 찾아 줘."
zone11,서윤,"발전소까지 가 볼게요. 불이 들어오면 캠프도 버틸 수 있겠죠."
zone16,서윤,"도시를 벗어났어요. 숲은 조용한데… 너무 조용해요."
zone16,하나,"열병은 짐승한테도 옮았다는 소문이 있어. 조심해."
zone21,하나,"난민 캠프 너머에 군이 세운 격리 장벽이 있어. 그 안쪽에 연구 단지가 있다던데."
zone21,서윤,"군인들은… 다 어디 간 거죠?"
zone26,서윤,"연구 단지예요. 문마다 '접근 금지'가 붙어 있어요."
zone26,하나,"여기서 열병이 시작됐다는 말이 있어. 자료를 찾으면 치료법도 있을지 몰라."
zone30,서윤,"근원 격납실… 비어 있어요. 무언가가 안에서 문을 부수고 나갔어요."
zone30,하나,"기록을 봤어. 근원은 남쪽 끝 원자력 발전소로 옮겨졌대. 노심 속에서 자라고 있다고."
zone31,하나,"발전소로 가는 길에 학교가 있어. 아이들 목소리가 들렸다는 무전이 왔어."
zone31,서윤,"살아 있는 사람이 있다면… 찾아볼게요."
zone36,서윤,"마트예요. 캠프에 보낼 식량부터 챙길게요."
zone41,하나,"놀이공원 쪽에서 근원의 신호가 점점 세져. 거기 좀비들이 유난히 사나워."
zone41,서윤,"음악이 아직도 나와요. 기분 나쁘게."
zone46,하나,"교도소를 지나야 부두로 갈 수 있어. 갇혀 있던 것들이 풀려났을지도 몰라."
zone51,하나,"발전소는 바다 건너야. 선착장에 크루즈선이 아직 떠 있대."
zone51,서윤,"배 안에도… 승객들이 그대로네요."
zone56,서윤,"발전소 정문이에요. 땅이 울려요. 근원이 깨어 있어요."
zone56,하나,"노심을 멈추면 근원도 약해질 거야. 서윤, 조심해."
zone60,서윤,"…노심이 멈췄어요. 그런데 근원이 없어요. 바닥에 구멍이 뚫려 있어요."
zone60,하나,"지진계에 신호가 잡혀. 발전소 아래, 군이 숨겨 둔 지하 벙커로 내려갔어."
zone61,하나,"벙커 봉쇄문이야. 군이 근원을 여기서 키웠다는 기록이 있어."
zone61,서윤,"문이 안쪽에서 부서졌어요. 아직 안에 있어요."
zone66,서윤,"승강기가 끝없이 내려가요. 벽에… 살덩이가 자라고 있어요."
zone66,하나,"최심부야. 신호가 심장 뛰듯 커지고 있어. 거기가 근원의 둥지야."
zone70,서윤,"…근원의 심장이 멈췄어요. 이번엔 진짜예요."
zone70,하나,"해냈구나! 캠프 사람들이 다 울고 있어."
zone70,하나,"그런데… 다른 도시에서 같은 신호가 잡혀. 근원은 하나가 아니었어."
loop2,하나,"다음 도시야. 거기 좀비들은 더 오래 열병을 앓아서 훨씬 세."
loop2,서윤,"그래도 가요. 이번엔 처음부터 아는 길이니까."
