구역,좀비HP,좀비DPS,처치보상_부품,필요DPS_3초컷,필요공격레벨,누적업그레이드비용,처치수
1,15,2,12.0,5,0,0,10
2,23,3,15.1,8,4,59,10
3,36,5,19.1,12,8,226,10
4,56,8,24.0,19,12,695,10
5,87,12,30.2,29,15,2016,10
6,134,19,38.1,45,19,5737,10
7,208,29,48.0,69,23,16214,10
8,322,45,60.5,107,27,45720,10
9,500,70,76.2,167,31,128813,10
10,775,108,48.0,258,35,362812,20
11,1201,168,121.0,400,39,1021779,10
12,1861,261,152.5,620,43,2877511,10
13,2885,404,192.1,962,46,8103472,10
14,4471,626,242.1,1490,50,22820397,10
15,6930,970,152.5,2310,54,64265003,20
16,10742,1504,384.4,3581,58,180977927,10
17,16649,2331,484.3,5550,62,509655363,10
18,25807,3613,610.2,8602,66,1435249994,10
19,40000,5600,768.9,13333,70,4041834230,10
20,62000,8680,484.4,20667,73,11382284523,20
21,96100,13454,1220.7,32033,77,32053862961,10
22,148956,20854,1538.0,49652,81,90267479030,10
23,230881,32323,1937.9,76960,85,254203924711,10
24,357866,50101,2441.8,119289,89,715868394945,10
25,554692,77657,1538.3,184897,93,2015970286205,20
26,859773,120368,3876.5,286591,97,5677211375003,10
27,1332648,186571,4884.4,444216,101,15987700422369,10
28,2065604,289185,6154.4,688535,104,45023260173164,10
29,3201687,448236,7754.5,1067229,108,126790839399425,10
30,4962614,694766,4885.4,1654205,112,357058038306786,20
